[{"title":"Blonde - Frank Ocean","artist":"Frank Ocean","image":"https:\/\/is5-ssl.mzstatic.com\/image\/thumb\/Music22\/v4\/08\/e1\/da\/08e1dab2-375d-5491-83c1-77754dc2eb37\/BlondCover-Final.jpg\/100x100bb-85.jpg"},{"title":"Into You (3LAU Remix) - Single - Ariana Grande","artist":"Ariana Grande","image":"https:\/\/is1-ssl.mzstatic.com\/image\/thumb\/Music62\/v4\/a5\/18\/ff\/a518ff5b-608e-93b0-6937-3bbc75193fac\/UMG_cvrart_00602557142723_01_RGB72_1800x1800_16UMGIM59808.jpg\/100x100bb-85.jpg"},{"title":"Losing My Religion - Kirk Franklin","artist":"Kirk Franklin","image":"https:\/\/is4-ssl.mzstatic.com\/image\/thumb\/Music62\/v4\/7c\/1f\/02\/7c1f0289-874d-302a-9123-0a2d99ec8212\/886446047638.jpg\/100x100bb-85.jpg"},{"title":"Brave Enough - Lindsey Stirling","artist":"Lindsey Stirling","image":"https:\/\/is1-ssl.mzstatic.com\/image\/thumb\/Music30\/v4\/55\/6d\/38\/556d3872-aef6-9a03-d823-1321dcca8c80\/762184742625_cover.jpg\/100x100bb-85.jpg"},{"title":"123 Victory (Remix) [feat. Pharrell Williams] - Single - Kirk Franklin","artist":"Kirk Franklin","image":"https:\/\/is2-ssl.mzstatic.com\/image\/thumb\/Music41\/v4\/75\/f8\/6b\/75f86b0b-1e64-0fee-c2ab-869d6f7adbf1\/dj.mplmnhkk.jpg\/100x100bb-85.jpg"},{"title":"Don't Mind - Single - David Shannon","artist":"David Shannon","image":"https:\/\/is3-ssl.mzstatic.com\/image\/thumb\/Music71\/v4\/3b\/02\/5e\/3b025e9b-8809-65b6-c280-48dbbd8556b1\/DavidShannon_Don_tMind.jpg\/100x100bb-85.jpg"},{"title":"Don't Mind - Single - David Shannon","artist":"David Shannon","image":"https:\/\/is1-ssl.mzstatic.com\/image\/thumb\/Music71\/v4\/73\/39\/1c\/73391c00-f574-00bc-f211-8a9e3252c2c7\/DavidShannon_Don_tMind.jpg\/100x100bb-85.jpg"},{"title":"This Could Be Heartbreak - The Amity Affliction","artist":"The Amity Affliction","image":"https:\/\/is3-ssl.mzstatic.com\/image\/thumb\/Music20\/v4\/25\/37\/27\/25372736-f553-b1e5-2b60-ff98ef8213f0\/016861747831.jpg\/100x100bb-85.jpg"},{"title":"I'm Not the Devil - Cody Jinks","artist":"Cody Jinks","image":"https:\/\/is3-ssl.mzstatic.com\/image\/thumb\/Music18\/v4\/59\/3b\/37\/593b379c-48e9-73dc-096e-eb91d74d641b\/886445964288.jpg\/100x100bb-85.jpg"},{"title":"Kinda Don't Care (Deluxe Version) - Justin Moore","artist":"Justin Moore","image":"https:\/\/is1-ssl.mzstatic.com\/image\/thumb\/Music30\/v4\/31\/e5\/4a\/31e54a65-2af5-941b-6cca-d8d008d81397\/UMG_cvrart_00843930025534_01_RGB72_1800x1800_16UMDIM00262.jpg\/100x100bb-85.jpg"}]