[{"title":"Dance Tonight (feat. JFlow) [Asian Games 2018 Official Song] - Bunga Citra Lestari","artist":"Bunga Citra Lestari","image":"https:\/\/is1-ssl.mzstatic.com\/image\/thumb\/Music125\/v4\/90\/ac\/fb\/90acfb62-36a4-2fd6-1ca3-cb80f99ca7fc\/dj.hinnpfty.jpg\/100x100bb-100.png"},{"title":"Meraih Bintang - Via Vallen","artist":"Via Vallen","image":"https:\/\/is3-ssl.mzstatic.com\/image\/thumb\/Music115\/v4\/6a\/a5\/b9\/6aa5b978-678d-8839-d703-4430c608c3af\/cover.jpg\/100x100bb-100.png"},{"title":"Lil\u2019 Touch - Girls' Generation-Oh!GG","artist":"Girls' Generation-Oh!GG","image":"https:\/\/is2-ssl.mzstatic.com\/image\/thumb\/Music118\/v4\/8c\/27\/a0\/8c27a024-88dd-d35b-4a75-b2f7562d5ce4\/dj.gaxhueen.jpg\/100x100bb-100.png"},{"title":"LOVE SCENARIO - iKON","artist":"iKON","image":"https:\/\/is5-ssl.mzstatic.com\/image\/thumb\/Music128\/v4\/14\/4f\/a0\/144fa04f-06fd-5329-bc21-60645aaf6b09\/iKON_cover.jpg\/100x100bb-100.png"},{"title":"Ocean (feat. Khalid) - Martin Garrix","artist":"Martin Garrix","image":"https:\/\/is4-ssl.mzstatic.com\/image\/thumb\/Music115\/v4\/aa\/9f\/21\/aa9f2126-5745-4e74-b71f-e7a864c24cc8\/886447159491.jpg\/100x100bb-100.png"},{"title":"Electricity (feat. Diplo & Mark Ronson) - Silk City, Dua Lipa","artist":"Silk City, Dua Lipa","image":"https:\/\/is1-ssl.mzstatic.com\/image\/thumb\/Music128\/v4\/e1\/2a\/42\/e12a4271-66c3-5e3a-5492-8e0f3d07cf73\/886447284360.jpg\/100x100bb-100.png"},{"title":"New Light - John Mayer","artist":"John Mayer","image":"https:\/\/is3-ssl.mzstatic.com\/image\/thumb\/Music118\/v4\/d2\/f5\/37\/d2f53726-6d65-66a7-e099-b08263750337\/192562519394.jpg\/100x100bb-100.png"},{"title":"Unbeatable (feat. Dira Sugandi) - JFlow","artist":"JFlow","image":"https:\/\/is2-ssl.mzstatic.com\/image\/thumb\/Music118\/v4\/33\/04\/08\/3304082c-3927-7b21-6330-5acc5307932f\/cover.jpg\/100x100bb-100.png"},{"title":"Love Someone - Lukas Graham","artist":"Lukas Graham","image":"https:\/\/is4-ssl.mzstatic.com\/image\/thumb\/Music118\/v4\/06\/bb\/15\/06bb15fc-09e1-64ab-0b49-d1d42438c8c7\/093624903284.jpg\/100x100bb-100.png"},{"title":"Bright As the Sun (Official Song Asian Games 2018) - Energy 18","artist":"Energy 18","image":"https:\/\/is3-ssl.mzstatic.com\/image\/thumb\/Music128\/v4\/59\/36\/bc\/5936bcea-e597-32c3-cc94-265544dcd693\/0001.jpg\/100x100bb-100.png"}]