[{"id":"giPROPjJrzk","title":"Suara Nashwa, bikin Kak Rizky pingsan! - AUDITION 2 - Indonesian Idol Junior 2018","channel":"Indonesian Idol Junior","image":"https:\/\/i.ytimg.com\/vi\/giPROPjJrzk\/mqdefault.jpg"},{"id":"eqb_2PNXaf8","title":"Adzan dilarang pakai Pengeras suara ? Ustadz Abdul Somad, Lc. MA","channel":"I'M SINTESA","image":"https:\/\/i.ytimg.com\/vi\/eqb_2PNXaf8\/mqdefault.jpg"},{"id":"SdzLl-XpJt0","title":"Girls' Generation-Oh!GG \uc18c\ub140\uc2dc\ub300-Oh!GG '\ubab0\ub790\ub2c8 (Lil' Touch)' MV","channel":"SMTOWN","image":"https:\/\/i.ytimg.com\/vi\/SdzLl-XpJt0\/mqdefault.jpg"},{"id":"ZkdKxxK5-MM","title":"Rizky Febian Salah Tingkah Di Idol Junior #MAIAESTIANTYVLOG #maiaestianty","channel":"Maia Estianty","image":"https:\/\/i.ytimg.com\/vi\/ZkdKxxK5-MM\/mqdefault.jpg"},{"id":"C-oEzEJ7DhY","title":"Halalkan Segala Cara! 10 ATLET KETAHUAN CURANG SAAT BERTANDING UNTUK MENANG","channel":"Fakta Populer","image":"https:\/\/i.ytimg.com\/vi\/C-oEzEJ7DhY\/mqdefault.jpg"},{"id":"KHu6RTq7FNA","title":"Setelah Bebas Menjalani Hukuman, Ahok akan Menikahi Polwan Berpangkat Bripka? - iNews Siang 06\/09","channel":"Official iNews","image":"https:\/\/i.ytimg.com\/vi\/KHu6RTq7FNA\/mqdefault.jpg"},{"id":"vM1658vFGJc","title":"MASALAH TOA MASJID, MASALAH PANDJI \u274c","channel":"Deddy Corbuzier","image":"https:\/\/i.ytimg.com\/vi\/vM1658vFGJc\/mqdefault.jpg"},{"id":"ykEmN-5HBeM","title":"SANG ASISTEN AJUDAN PRESIDEN","channel":"Presiden Joko Widodo","image":"https:\/\/i.ytimg.com\/vi\/ykEmN-5HBeM\/mqdefault.jpg"},{"id":"ivogdGSzC50","title":"NEKAT..!! Menuruni Bendungan Pakai Sepeda, Yang Gak Kuat Jangan Lihat..! #YtCrash","channel":"YtCrash News","image":"https:\/\/i.ytimg.com\/vi\/ivogdGSzC50\/mqdefault.jpg"},{"id":"i4WP3P3rPeY","title":"Bakso Raksasa Seharga Rp 6 JUTAAN Seberat 55 Kilogram | HITAM PUTIH (03\/09\/18) 2-4","channel":"TRANS7 OFFICIAL","image":"https:\/\/i.ytimg.com\/vi\/i4WP3P3rPeY\/mqdefault.jpg"}]