[{"title":"Can\u2019t Help Falling In Love - Kina Grannis","artist":"Kina Grannis","image":"https:\/\/is2-ssl.mzstatic.com\/image\/thumb\/Music118\/v4\/39\/c8\/83\/39c883f1-6e85-b0a2-4d14-bc936305544b\/CRA_Sdtk_Cover_01_3000px_RGB_300dpi.jpg\/100x100bb-100.png"},{"title":"Head Above Water - Avril Lavigne","artist":"Avril Lavigne","image":"https:\/\/is5-ssl.mzstatic.com\/image\/thumb\/Music118\/v4\/3a\/e4\/5f\/3ae45fae-f333-411a-02cb-adb49aadc623\/4050538438949.jpg\/100x100bb-100.png"},{"title":"Yellow - Katherine Ho","artist":"Katherine Ho","image":"https:\/\/is2-ssl.mzstatic.com\/image\/thumb\/Music118\/v4\/39\/c8\/83\/39c883f1-6e85-b0a2-4d14-bc936305544b\/CRA_Sdtk_Cover_01_3000px_RGB_300dpi.jpg\/100x100bb-100.png"},{"title":"So In Love - Marion Jola","artist":"Marion Jola","image":"https:\/\/is5-ssl.mzstatic.com\/image\/thumb\/Music128\/v4\/a3\/ac\/31\/a3ac31c1-7b61-0cd2-3952-ed4c4fd92b48\/00602567981282.rgb.jpg\/100x100bb-100.png"},{"title":"New Light - John Mayer","artist":"John Mayer","image":"https:\/\/is3-ssl.mzstatic.com\/image\/thumb\/Music118\/v4\/d2\/f5\/37\/d2f53726-6d65-66a7-e099-b08263750337\/192562519394.jpg\/100x100bb-100.png"},{"title":"You Are the Reason - Calum Scott","artist":"Calum Scott","image":"https:\/\/is2-ssl.mzstatic.com\/image\/thumb\/Music128\/v4\/9f\/e3\/6a\/9fe36a57-2533-f072-58f4-6b4519fecb57\/17UM1IM44770.jpg\/100x100bb-100.png"},{"title":"Can't Take My Eyes Off You - Joseph Vincent","artist":"Joseph Vincent","image":"https:\/\/is2-ssl.mzstatic.com\/image\/thumb\/Music71\/v4\/c4\/80\/36\/c480363e-a055-3c3e-166e-7456cdfe657e\/crsEE.png\/100x100bb-100.png"},{"title":"DDU-DU DDU-DU - BLACKPINK","artist":"BLACKPINK","image":"https:\/\/is4-ssl.mzstatic.com\/image\/thumb\/Music115\/v4\/21\/72\/af\/2172af9d-fb3c-340a-85c4-e1572495348d\/BLACKPINK_DIGITAL_SINGLE_IMAGE.jpg\/100x100bb-100.png"},{"title":"Meraih Bintang - Via Vallen","artist":"Via Vallen","image":"https:\/\/is3-ssl.mzstatic.com\/image\/thumb\/Music115\/v4\/6a\/a5\/b9\/6aa5b978-678d-8839-d703-4430c608c3af\/cover.jpg\/100x100bb-100.png"},{"title":"2002 - Anne-Marie","artist":"Anne-Marie","image":"https:\/\/is2-ssl.mzstatic.com\/image\/thumb\/Music128\/v4\/0b\/9f\/b7\/0b9fb74e-0ada-bc3e-4f23-02d846caf49e\/190295664534.jpg\/100x100bb-100.png"}]