[{"id":"Z1BCujX3pw8","title":"Marvel Studios' Captain Marvel - Official Trailer","channel":"Marvel Entertainment","image":"https:\/\/i.ytimg.com\/vi\/Z1BCujX3pw8\/mqdefault.jpg"},{"id":"kyO7qBp9_HQ","title":"Haikal Hassan: DEMI ALLAH!! Habib Rizieq Ingin Sekali Pulang ke Indonesia","channel":"Indonesia Lawyers Club tvOne","image":"https:\/\/i.ytimg.com\/vi\/kyO7qBp9_HQ\/mqdefault.jpg"},{"id":"jmH8pIZ1xzc","title":"IR Iran 0-2 Indonesia (AFC U16 Malaysia 2018 : Group Stage)","channel":"The AFC Hub","image":"https:\/\/i.ytimg.com\/vi\/jmH8pIZ1xzc\/mqdefault.jpg"},{"id":"6VvTKG85amg","title":"INDONESIA VS IRAN U16 (2-0) FULL HIGHLIGHTS AND GOAL - AFC  U16 CHAMPIONSHIP 21 SEPTEMBER 2018","channel":"MotoVBlack","image":"https:\/\/i.ytimg.com\/vi\/6VvTKG85amg\/mqdefault.jpg"},{"id":"1G7a8eaTs-4","title":"DEAR REZA \u2018ARAP\u2019 OKTOVIAN...","channel":"dunia MANJI","image":"https:\/\/i.ytimg.com\/vi\/1G7a8eaTs-4\/mqdefault.jpg"},{"id":"sbq0ERWuRBw","title":"Highlight - Anthony Sinisuka GINTING vs Viktor AXELSEN - Badminton China Open 2018","channel":"ILoveBadminton","image":"https:\/\/i.ytimg.com\/vi\/sbq0ERWuRBw\/mqdefault.jpg"},{"id":"LkVp4bg0oOY","title":"REZA ARAP COMEBACK (Biggest Project on YouTube)","channel":"Deddy Corbuzier","image":"https:\/\/i.ytimg.com\/vi\/LkVp4bg0oOY\/mqdefault.jpg"},{"id":"DsFbs9bnSdI","title":"Kenapa Aku kecewa dengan Program Hitam Putih","channel":"Hari Jisun","image":"https:\/\/i.ytimg.com\/vi\/DsFbs9bnSdI\/mqdefault.jpg"},{"id":"U3hOWNUv5DA","title":"Astagfirullah..!! KH Ma'aruf Amin di Cueki Warga Salam Ma'aruf Amin tak di Gubris","channel":"Bela Ulama","image":"https:\/\/i.ytimg.com\/vi\/U3hOWNUv5DA\/mqdefault.jpg"},{"id":"9pnq0i6-6IE","title":"RESMI!! UEFA Buka Kasus Kartu Merah Cristiano Ronaldo","channel":"Sport22 TV","image":"https:\/\/i.ytimg.com\/vi\/9pnq0i6-6IE\/mqdefault.jpg"}]